Store,Assortment,CompetitionDistance,PromoSinceWeek,PromoSinceYear,PromoInterval
1,Small,1270.0,,,
2,Small,570.0,13.0,2010.0,"Jan,Apr,Jul,Oct"
3,Small,14130.0,14.0,2011.0,"Jan,Apr,Jul,Oct"
4,Large,620.0,,,
5,Small,29910.0,,,
6,Small,310.0,,,
7,Large,24000.0,,,
8,Small,7520.0,,,
9,Large,2030.0,,,
10,Small,3160.0,,,
11,Large,960.0,1.0,2012.0,"Jan,Apr,Jul,Oct"
12,Large,1070.0,13.0,2010.0,"Jan,Apr,Jul,Oct"
13,Small,310.0,45.0,2009.0,"Feb,May,Aug,Nov"
14,Small,1300.0,40.0,2011.0,"Jan,Apr,Jul,Oct"
15,Large,4110.0,14.0,2011.0,"Jan,Apr,Jul,Oct"
16,Large,3270.0,,,
17,Small,50.0,26.0,2010.0,"Jan,Apr,Jul,Oct"
18,Large,13840.0,14.0,2012.0,"Jan,Apr,Jul,Oct"
19,Large,3240.0,22.0,2011.0,"Mar,Jun,Sept,Dec"
20,Small,2340.0,40.0,2014.0,"Jan,Apr,Jul,Oct"
21,Large,550.0,45.0,2009.0,"Jan,Apr,Jul,Oct"
22,Small,1040.0,22.0,2012.0,"Jan,Apr,Jul,Oct"
23,Small,4060.0,,,
24,Large,4590.0,40.0,2011.0,"Jan,Apr,Jul,Oct"
25,Small,430.0,,,
26,Small,2300.0,,,
27,Small,60.0,5.0,2011.0,"Jan,Apr,Jul,Oct"
28,Small,1200.0,6.0,2015.0,"Mar,Jun,Sept,Dec"
29,Large,2170.0,,,
30,Small,40.0,10.0,2014.0,"Mar,Jun,Sept,Dec"
31,Large,9800.0,,,
32,Small,2910.0,45.0,2009.0,"Feb,May,Aug,Nov"
33,Large,1320.0,,,
34,Small,2240.0,,,
35,Large,7660.0,1.0,2012.0,"Jan,Apr,Jul,Oct"
36,Large,540.0,40.0,2014.0,"Jan,Apr,Jul,Oct"
37,Small,4230.0,,,
38,Small,1090.0,,,
39,Small,260.0,31.0,2013.0,"Feb,May,Aug,Nov"
40,Small,180.0,45.0,2009.0,"Feb,May,Aug,Nov"
41,Large,1180.0,31.0,2013.0,"Jan,Apr,Jul,Oct"
42,Large,290.0,40.0,2011.0,"Jan,Apr,Jul,Oct"
43,Small,4880.0,37.0,2009.0,"Jan,Apr,Jul,Oct"
44,Small,540.0,,,
45,Small,9710.0,,,
46,Small,1200.0,14.0,2011.0,"Jan,Apr,Jul,Oct"
47,Large,270.0,14.0,2013.0,"Jan,Apr,Jul,Oct"
48,Small,1060.0,,,
49,Large,18010.0,,,
50,Small,6260.0,,,
51,Large,10570.0,9.0,2011.0,"Jan,Apr,Jul,Oct"
52,Large,450.0,39.0,2010.0,"Jan,Apr,Jul,Oct"
53,Large,30360.0,,,
54,Large,7170.0,5.0,2013.0,"Feb,May,Aug,Nov"
55,Small,720.0,,,
56,Large,6620.0,10.0,2014.0,"Mar,Jun,Sept,Dec"
57,Large,420.0,,,
58,Large,7340.0,27.0,2012.0,"Jan,Apr,Jul,Oct"
59,Large,2840.0,14.0,2011.0,"Jan,Apr,Jul,Oct"
60,Large,5540.0,,,
61,Large,350.0,1.0,2012.0,"Jan,Apr,Jul,Oct"
62,Small,2050.0,,,
63,Large,3700.0,18.0,2010.0,"Feb,May,Aug,Nov"
64,Large,22560.0,14.0,2013.0,"Jan,Apr,Jul,Oct"
65,Large,13840.0,1.0,2012.0,"Jan,Apr,Jul,Oct"
66,Small,7660.0,37.0,2009.0,"Jan,Apr,Jul,Oct"
67,Large,410.0,,,
68,Large,250.0,35.0,2012.0,"Mar,Jun,Sept,Dec"
69,Large,1130.0,40.0,2011.0,"Jan,Apr,Jul,Oct"
70,Large,4840.0,,,
71,Small,17500.0,37.0,2009.0,"Mar,Jun,Sept,Dec"
72,Small,2200.0,13.0,2010.0,"Jan,Apr,Jul,Oct"
73,Large,1650.0,,,
74,Small,330.0,,,
75,Large,22440.0,,,
76,Large,19960.0,,,
77,Large,1090.0,10.0,2014.0,"Jan,Apr,Jul,Oct"
78,Small,3510.0,5.0,2013.0,"Feb,May,Aug,Nov"
79,Small,3320.0,,,
80,Small,7910.0,,,
81,Small,2370.0,40.0,2014.0,"Jan,Apr,Jul,Oct"
82,Small,22390.0,37.0,2009.0,"Jan,Apr,Jul,Oct"
83,Small,2710.0,,,
84,Large,11810.0,,,
85,Small,1870.0,,,
86,Small,480.0,31.0,2013.0,"Jan,Apr,Jul,Oct"
87,Small,560.0,,,
88,Small,10690.0,,,
89,Small,2380.0,40.0,2014.0,"Jan,Apr,Jul,Oct"
90,Small,330.0,,,
91,Small,2410.0,35.0,2011.0,"Jan,Apr,Jul,Oct"
92,Small,240.0,45.0,2009.0,"Feb,May,Aug,Nov"
93,Small,16690.0,14.0,2011.0,"Jan,Apr,Jul,Oct"
94,Large,14620.0,,,
95,Small,1890.0,,,
96,Small,8780.0,37.0,2009.0,"Jan,Apr,Jul,Oct"
97,Large,8980.0,,,
98,Large,15140.0,1.0,2012.0,"Jan,Apr,Jul,Oct"
99,Large,2030.0,22.0,2012.0,"Mar,Jun,Sept,Dec"
100,Small,17930.0,,,
101,Large,2440.0,22.0,2012.0,"Mar,Jun,Sept,Dec"
102,Small,150.0,10.0,2014.0,"Mar,Jun,Sept,Dec"
103,Large,5210.0,,,
104,Small,390.0,,,
105,Large,6190.0,23.0,2013.0,"Mar,Jun,Sept,Dec"
106,Small,1390.0,,,
107,Small,1930.0,,,
108,Large,2190.0,,,
109,Large,3300.0,,,
110,Large,46590.0,,,
111,Large,7890.0,37.0,2009.0,"Jan,Apr,Jul,Oct"
112,Small,1630.0,,,
113,Large,20930.0,,,
114,Small,4510.0,48.0,2011.0,"Mar,Jun,Sept,Dec"
115,Large,5740.0,40.0,2014.0,"Jan,Apr,Jul,Oct"
116,Small,680.0,,,
117,Small,3450.0,,,
118,Large,3580.0,,,
119,Large,2100.0,,,
120,Small,2290.0,37.0,2009.0,"Jan,Apr,Jul,Oct"
121,Small,3570.0,36.0,2013.0,"Mar,Jun,Sept,Dec"
122,Large,58260.0,,,
123,Small,16760.0,,,
124,Small,1410.0,,,
125,Small,760.0,,,
126,Small,3370.0,18.0,2011.0,"Feb,May,Aug,Nov"
127,Small,1350.0,13.0,2010.0,"Jan,Apr,Jul,Oct"
128,Large,2000.0,1.0,2013.0,"Jan,Apr,Jul,Oct"
129,Small,2460.0,14.0,2011.0,"Jan,Apr,Jul,Oct"
130,Small,900.0,13.0,2010.0,"Jan,Apr,Jul,Oct"
131,Small,920.0,,,
132,Large,1040.0,27.0,2012.0,"Jan,Apr,Jul,Oct"
133,Small,270.0,10.0,2014.0,"Mar,Jun,Sept,Dec"
134,Small,1200.0,,,
135,Small,5190.0,1.0,2013.0,"Jan,Apr,Jul,Oct"
136,Large,2200.0,22.0,2012.0,"Feb,May,Aug,Nov"
137,Small,1730.0,40.0,2014.0,"Jan,Apr,Jul,Oct"
138,Large,25360.0,,,
139,Small,1700.0,14.0,2011.0,"Jan,Apr,Jul,Oct"
140,Large,1090.0,1.0,2013.0,"Jan,Apr,Jul,Oct"
141,Large,1540.0,22.0,2012.0,"Mar,Jun,Sept,Dec"
142,Small,1090.0,,,
143,Small,2930.0,,,
144,Large,16570.0,,,
145,Small,280.0,45.0,2009.0,"Feb,May,Aug,Nov"
146,Large,8050.0,48.0,2012.0,"Jan,Apr,Jul,Oct"
147,Large,8540.0,,,
148,Small,2090.0,,,
149,Small,2610.0,14.0,2011.0,"Jan,Apr,Jul,Oct"
150,Large,31830.0,,,
151,Large,4360.0,,,
152,Small,1780.0,,,
153,Small,16240.0,18.0,2011.0,"Feb,May,Aug,Nov"
154,Large,16420.0,,,
155,Small,3050.0,35.0,2010.0,"Jan,Apr,Jul,Oct"
156,Small,2020.0,14.0,2011.0,"Mar,Jun,Sept,Dec"
157,Large,2950.0,,,
158,Large,11840.0,31.0,2009.0,"Feb,May,Aug,Nov"
159,Small,8530.0,,,
160,Large,17110.0,,,
161,Large,2970.0,,,
162,Large,5340.0,13.0,2010.0,"Jan,Apr,Jul,Oct"
163,Small,1480.0,,,
164,Small,1160.0,13.0,2010.0,"Jan,Apr,Jul,Oct"
165,Small,3720.0,13.0,2010.0,"Jan,Apr,Jul,Oct"
166,Large,100.0,31.0,2013.0,"Jan,Apr,Jul,Oct"
167,Small,140.0,,,
168,Small,12540.0,,,
169,Small,980.0,18.0,2014.0,"Feb,May,Aug,Nov"
170,Small,1070.0,14.0,2011.0,"Jan,Apr,Jul,Oct"
171,Small,2640.0,,,
172,Small,110.0,40.0,2014.0,"Jan,Apr,Jul,Oct"
173,Small,350.0,,,
174,Small,13090.0,22.0,2012.0,"Jan,Apr,Jul,Oct"
175,Small,4130.0,,,
176,Small,3770.0,,,
177,Small,1250.0,5.0,2013.0,"Feb,May,Aug,Nov"
178,Small,1710.0,,,
179,Large,480.0,,,
180,Small,5800.0,,,
181,Small,12610.0,14.0,2011.0,"Jan,Apr,Jul,Oct"
182,Large,1390.0,9.0,2011.0,"Mar,Jun,Sept,Dec"
183,Small,9670.0,,,
184,Large,3560.0,,,
185,Large,1860.0,,,
186,Small,290.0,40.0,2014.0,"Jan,Apr,Jul,Oct"
187,Large,19360.0,,,
188,Small,850.0,18.0,2011.0,"Feb,May,Aug,Nov"
189,Small,5760.0,,,
190,Small,1470.0,40.0,2014.0,"Jan,Apr,Jul,Oct"
191,Small,1100.0,40.0,2014.0,"Jan,Apr,Jul,Oct"
192,Large,2770.0,40.0,2014.0,"Jan,Apr,Jul,Oct"
193,Small,520.0,,,
194,Large,16970.0,5.0,2013.0,"Feb,May,Aug,Nov"
195,Large,220.0,,,
196,Small,3850.0,14.0,2011.0,"Jan,Apr,Jul,Oct"
197,Small,4210.0,,,
198,Small,290.0,13.0,2010.0,"Jan,Apr,Jul,Oct"
199,Large,6360.0,14.0,2012.0,"Mar,Jun,Sept,Dec"
200,Small,1650.0,,,
201,Small,20260.0,18.0,2014.0,"Mar,Jun,Sept,Dec"
202,Large,5140.0,,,
203,Large,490.0,,,
204,Small,5630.0,40.0,2014.0,"Jan,Apr,Jul,Oct"
205,Small,110.0,,,
206,Large,380.0,14.0,2012.0,"Jan,Apr,Jul,Oct"
207,Small,6870.0,,,
208,Small,300.0,,,
209,Large,11680.0,31.0,2013.0,"Jan,Apr,Jul,Oct"
210,Small,970.0,5.0,2013.0,"Feb,May,Aug,Nov"
211,Large,350.0,,,
212,Large,15050.0,,,
213,Large,4030.0,1.0,2014.0,"Jan,Apr,Jul,Oct"
214,Small,8650.0,10.0,2014.0,"Jan,Apr,Jul,Oct"
215,Small,150.0,45.0,2009.0,"Feb,May,Aug,Nov"
216,Small,190.0,45.0,2009.0,"Feb,May,Aug,Nov"
217,Small,3150.0,,,
218,Large,640.0,9.0,2011.0,"Mar,Jun,Sept,Dec"
219,Small,1640.0,,,
220,Small,1000.0,,,
221,Large,13530.0,,,
222,Small,2170.0,,,
223,Large,2920.0,27.0,2011.0,"Jan,Apr,Jul,Oct"
224,Large,7930.0,1.0,2013.0,"Jan,Apr,Jul,Oct"
225,Small,10180.0,,,
226,Small,450.0,,,
227,Small,2370.0,,,
228,Large,10800.0,18.0,2011.0,"Feb,May,Aug,Nov"
229,Large,17410.0,14.0,2011.0,"Jan,Apr,Jul,Oct"
230,Large,6680.0,,,
231,Large,3840.0,39.0,2010.0,"Feb,May,Aug,Nov"
232,Large,13570.0,10.0,2013.0,"Mar,Jun,Sept,Dec"
233,Small,1890.0,,,
234,Small,4370.0,,,
235,Small,5710.0,37.0,2009.0,"Jan,Apr,Jul,Oct"
236,Small,1000.0,,,
237,Small,1420.0,,,
238,Small,320.0,45.0,2009.0,"Feb,May,Aug,Nov"
239,Large,610.0,,,
240,Small,1110.0,,,
241,Large,780.0,,,
242,Small,6880.0,14.0,2011.0,"Jan,Apr,Jul,Oct"
243,Small,310.0,5.0,2013.0,"Feb,May,Aug,Nov"
244,Small,710.0,1.0,2012.0,"Jan,Apr,Jul,Oct"
245,Large,1310.0,,,
246,Small,4660.0,,,
247,Large,70.0,5.0,2013.0,"Feb,May,Aug,Nov"
248,Large,340.0,40.0,2012.0,"Jan,Apr,Jul,Oct"
249,Large,18010.0,,,
250,Small,3520.0,18.0,2012.0,"Feb,May,Aug,Nov"
251,Large,340.0,,,
252,Large,22330.0,5.0,2010.0,"Feb,May,Aug,Nov"
253,Large,250.0,5.0,2013.0,"Feb,May,Aug,Nov"
254,Small,330.0,1.0,2012.0,"Mar,Jun,Sept,Dec"
255,Large,4630.0,35.0,2011.0,"Feb,May,Aug,Nov"
256,Large,80.0,10.0,2014.0,"Mar,Jun,Sept,Dec"
257,Small,420.0,,,
258,Small,27190.0,37.0,2009.0,"Jan,Apr,Jul,Oct"
259,Medium,210.0,,,
260,Small,540.0,,,
261,Large,15340.0,39.0,2009.0,"Jan,Apr,Jul,Oct"
262,Small,1180.0,,,
263,Large,1140.0,40.0,2014.0,"Jan,Apr,Jul,Oct"
264,Small,180.0,,,
265,Small,4580.0,14.0,2015.0,"Jan,Apr,Jul,Oct"
266,Large,360.0,9.0,2011.0,"Mar,Jun,Sept,Dec"
267,Small,2460.0,,,
268,Small,4520.0,,,
269,Large,60.0,,,
270,Small,1450.0,,,
271,Small,420.0,14.0,2011.0,"Jan,Apr,Jul,Oct"
272,Small,16180.0,14.0,2011.0,"Jan,Apr,Jul,Oct"
273,Large,8480.0,,,
274,Medium,3640.0,10.0,2013.0,"Jan,Apr,Jul,Oct"
275,Small,300.0,40.0,2014.0,"Jan,Apr,Jul,Oct"
276,Small,2960.0,36.0,2013.0,"Mar,Jun,Sept,Dec"
277,Large,7840.0,31.0,2009.0,"Feb,May,Aug,Nov"
278,Large,9260.0,,,
279,Large,2320.0,40.0,2012.0,"Jan,Apr,Jul,Oct"
280,Large,18640.0,10.0,2014.0,"Mar,Jun,Sept,Dec"
281,Large,6970.0,,,
282,Small,1220.0,,,
283,Small,2260.0,40.0,2014.0,"Jan,Apr,Jul,Oct"
284,Small,1290.0,40.0,2014.0,"Jan,Apr,Jul,Oct"
285,Small,2410.0,,,
286,Small,1460.0,,,
287,Small,2740.0,40.0,2014.0,"Jan,Apr,Jul,Oct"
288,Small,800.0,14.0,2011.0,"Mar,Jun,Sept,Dec"
289,Small,6540.0,,,
290,Small,4150.0,,,
291,Small,,,,
292,Small,1100.0,,,
293,Large,140.0,,,
294,Small,3150.0,,,
295,Small,210.0,36.0,2013.0,"Mar,Jun,Sept,Dec"
296,Small,9580.0,45.0,2014.0,"Feb,May,Aug,Nov"
297,Small,2300.0,,,
298,Small,19840.0,,,
299,Large,38630.0,,,
300,Large,120.0,1.0,2012.0,"Jan,Apr,Jul,Oct"
301,Large,4510.0,,,
302,Large,2190.0,9.0,2011.0,"Mar,Jun,Sept,Dec"
303,Small,15430.0,18.0,2011.0,"Feb,May,Aug,Nov"
304,Small,1950.0,,,
305,Large,2470.0,31.0,2013.0,"Mar,Jun,Sept,Dec"
306,Small,5100.0,40.0,2014.0,"Jan,Apr,Jul,Oct"
307,Small,18660.0,,,
308,Small,1070.0,13.0,2010.0,"Jan,Apr,Jul,Oct"
309,Small,8740.0,37.0,2009.0,"Feb,May,Aug,Nov"
310,Large,2290.0,10.0,2014.0,"Mar,Jun,Sept,Dec"
311,Large,680.0,,,
312,Small,11300.0,,,
313,Large,14160.0,,,
314,Small,3560.0,31.0,2013.0,"Feb,May,Aug,Nov"
315,Large,38710.0,,,
316,Small,9000.0,,,
317,Small,3140.0,14.0,2011.0,"Jan,Apr,Jul,Oct"
318,Large,32330.0,,,
319,Large,570.0,27.0,2012.0,"Mar,Jun,Sept,Dec"
320,Large,210.0,,,
321,Large,8140.0,10.0,2014.0,"Mar,Jun,Sept,Dec"
322,Small,17500.0,37.0,2009.0,"Jan,Apr,Jul,Oct"
323,Large,8400.0,5.0,2013.0,"Feb,May,Aug,Nov"
324,Small,13140.0,14.0,2011.0,"Jan,Apr,Jul,Oct"
325,Large,350.0,22.0,2011.0,"Feb,May,Aug,Nov"
326,Small,10070.0,31.0,2013.0,"Feb,May,Aug,Nov"
327,Large,1390.0,,,
328,Small,3130.0,,,
329,Small,1310.0,22.0,2012.0,"Mar,Jun,Sept,Dec"
330,Large,370.0,22.0,2012.0,"Mar,Jun,Sept,Dec"
331,Large,670.0,14.0,2015.0,"Jan,Apr,Jul,Oct"
332,Small,1840.0,,,
333,Large,3720.0,,,
334,Large,4040.0,18.0,2013.0,"Mar,Jun,Sept,Dec"
335,Small,90.0,31.0,2013.0,"Jan,Apr,Jul,Oct"
336,Small,190.0,,,
337,Large,10600.0,45.0,2014.0,"Feb,May,Aug,Nov"
338,Large,1590.0,37.0,2009.0,"Jan,Apr,Jul,Oct"
339,Large,2280.0,10.0,2013.0,"Mar,Jun,Sept,Dec"
340,Large,8080.0,,,
341,Small,190.0,,,
342,Large,15770.0,40.0,2014.0,"Jan,Apr,Jul,Oct"
343,Small,18650.0,14.0,2014.0,"Jan,Apr,Jul,Oct"
344,Large,300.0,14.0,2011.0,"Jan,Apr,Jul,Oct"
345,Small,120.0,22.0,2012.0,"Jan,Apr,Jul,Oct"
346,Large,8090.0,,,
347,Large,9360.0,22.0,2012.0,"Mar,Jun,Sept,Dec"
348,Small,16490.0,22.0,2012.0,"Jan,Apr,Jul,Oct"
349,Large,1490.0,,,
350,Small,8880.0,14.0,2011.0,"Jan,Apr,Jul,Oct"
351,Small,5290.0,5.0,2013.0,"Feb,May,Aug,Nov"
352,Large,6360.0,40.0,2012.0,"Mar,Jun,Sept,Dec"
353,Medium,900.0,14.0,2013.0,"Feb,May,Aug,Nov"
354,Large,1500.0,,,
355,Large,9720.0,,,
356,Large,8970.0,22.0,2012.0,"Feb,May,Aug,Nov"
357,Small,2060.0,,,
358,Small,2890.0,,,
359,Large,4370.0,,,
360,Small,2040.0,,,
361,Large,4490.0,5.0,2013.0,"Feb,May,Aug,Nov"
362,Large,340.0,,,
363,Small,250.0,,,
364,Large,13620.0,10.0,2014.0,"Mar,Jun,Sept,Dec"
365,Small,2410.0,45.0,2009.0,"Feb,May,Aug,Nov"
366,Large,6470.0,,,
367,Large,2640.0,,,
368,Large,1450.0,45.0,2009.0,"Feb,May,Aug,Nov"
369,Large,5870.0,,,
370,Small,8250.0,31.0,2009.0,"Jan,Apr,Jul,Oct"
371,Large,1970.0,45.0,2014.0,"Feb,May,Aug,Nov"
372,Large,4880.0,18.0,2014.0,"Jan,Apr,Jul,Oct"
373,Large,11120.0,22.0,2012.0,"Jan,Apr,Jul,Oct"
374,Small,1150.0,,,
375,Large,15710.0,37.0,2009.0,"Jan,Apr,Jul,Oct"
376,Small,160.0,,,
377,Large,100.0,18.0,2010.0,"Feb,May,Aug,Nov"
378,Large,2140.0,,,
379,Small,6630.0,,,
380,Small,2240.0,10.0,2014.0,"Mar,Jun,Sept,Dec"
381,Small,1800.0,5.0,2013.0,"Feb,May,Aug,Nov"
382,Large,26130.0,,,
383,Large,350.0,,,
384,Large,130.0,14.0,2011.0,"Jan,Apr,Jul,Oct"
385,Small,4580.0,,,
386,Large,1460.0,31.0,2013.0,"Jan,Apr,Jul,Oct"
387,Small,210.0,36.0,2013.0,"Mar,Jun,Sept,Dec"
388,Small,2260.0,,,
389,Large,6690.0,,,
390,Large,1600.0,,,
391,Small,460.0,31.0,2013.0,"Feb,May,Aug,Nov"
392,Small,2120.0,,,
393,Large,4820.0,,,
394,Small,10850.0,,,
395,Small,3620.0,,,
396,Large,23130.0,,,
397,Large,130.0,27.0,2013.0,"Feb,May,Aug,Nov"
398,Large,1540.0,1.0,2012.0,"Jan,Apr,Jul,Oct"
399,Small,5360.0,40.0,2011.0,"Jan,Apr,Jul,Oct"
400,Small,70.0,14.0,2011.0,"Jan,Apr,Jul,Oct"
401,Large,9200.0,14.0,2012.0,"Jan,Apr,Jul,Oct"
402,Large,5830.0,13.0,2010.0,"Jan,Apr,Jul,Oct"
403,Small,4970.0,,,
404,Large,1420.0,10.0,2013.0,"Mar,Jun,Sept,Dec"
405,Small,1080.0,14.0,2011.0,"Jan,Apr,Jul,Oct"
406,Large,8240.0,10.0,2013.0,"Feb,May,Aug,Nov"
407,Small,5890.0,14.0,2011.0,"Feb,May,Aug,Nov"
408,Small,1560.0,45.0,2009.0,"Feb,May,Aug,Nov"
409,Large,840.0,1.0,2013.0,"Jan,Apr,Jul,Oct"
410,Small,40.0,22.0,2012.0,"Mar,Jun,Sept,Dec"
411,Large,8460.0,,,
412,Large,4460.0,39.0,2010.0,"Jan,Apr,Jul,Oct"
413,Large,760.0,,,
414,Large,6210.0,1.0,2013.0,"Jan,Apr,Jul,Oct"
415,Large,6910.0,,,
416,Large,4650.0,,,
417,Large,840.0,10.0,2014.0,"Jan,Apr,Jul,Oct"
418,Small,1060.0,27.0,2011.0,"Feb,May,Aug,Nov"
419,Small,1620.0,,,
420,Large,250.0,27.0,2012.0,"Jan,Apr,Jul,Oct"
421,Large,3530.0,35.0,2012.0,"Mar,Jun,Sept,Dec"
422,Large,2880.0,,,
423,Small,1270.0,,,
424,Large,1250.0,40.0,2011.0,"Jan,Apr,Jul,Oct"
425,Large,1460.0,,,
426,Small,250.0,,,
427,Large,70.0,13.0,2010.0,"Jan,Apr,Jul,Oct"
428,Small,2960.0,23.0,2015.0,"Mar,Jun,Sept,Dec"
429,Large,16350.0,31.0,2013.0,"Jan,Apr,Jul,Oct"
430,Large,12870.0,,,
431,Large,4520.0,,,
432,Small,810.0,,,
433,Large,30030.0,,,
434,Small,13020.0,40.0,2014.0,"Jan,Apr,Jul,Oct"
435,Small,910.0,,,
436,Small,2300.0,,,
437,Large,430.0,50.0,2010.0,"Jan,Apr,Jul,Oct"
438,Large,1110.0,40.0,2012.0,"Jan,Apr,Jul,Oct"
439,Small,1350.0,,,
440,Small,3900.0,45.0,2009.0,"Feb,May,Aug,Nov"
441,Small,2530.0,,,
442,Small,500.0,45.0,2009.0,"Feb,May,Aug,Nov"
443,Small,11400.0,,,
444,Small,1700.0,,,
445,Small,240.0,,,
446,Small,340.0,31.0,2013.0,"Feb,May,Aug,Nov"
447,Large,1510.0,,,
448,Large,3970.0,,,
449,Large,120.0,37.0,2009.0,"Jan,Apr,Jul,Oct"
450,Small,5780.0,10.0,2014.0,"Mar,Jun,Sept,Dec"
451,Small,2460.0,13.0,2010.0,"Jan,Apr,Jul,Oct"
452,Large,1850.0,5.0,2011.0,"Feb,May,Aug,Nov"
453,Large,75860.0,,,
454,Small,26450.0,,,
455,Large,7660.0,,,
456,Large,140.0,,,
457,Large,13140.0,31.0,2013.0,"Jan,Apr,Jul,Oct"
458,Small,3390.0,,,
459,Small,250.0,5.0,2013.0,"Feb,May,Aug,Nov"
460,Small,34050.0,,,
461,Large,1790.0,40.0,2013.0,"Jan,Apr,Jul,Oct"
462,Small,44320.0,,,
463,Small,4160.0,,,
464,Small,520.0,,,
465,Large,10890.0,,,
466,Large,3110.0,,,
467,Large,20390.0,,,
468,Large,5260.0,,,
469,Large,710.0,,,
470,Large,50.0,,,
471,Small,5300.0,45.0,2009.0,"Feb,May,Aug,Nov"
472,Large,5030.0,,,
473,Small,50.0,,,
474,Small,14810.0,14.0,2011.0,"Mar,Jun,Sept,Dec"
475,Small,140.0,,,
476,Small,8300.0,,,
477,Small,770.0,35.0,2010.0,"Jan,Apr,Jul,Oct"
478,Large,1940.0,,,
479,Small,320.0,9.0,2011.0,"Feb,May,Aug,Nov"
480,Small,300.0,,,
481,Large,7470.0,44.0,2012.0,"Feb,May,Aug,Nov"
482,Small,2550.0,,,
483,Large,2310.0,13.0,2010.0,"Jan,Apr,Jul,Oct"
484,Large,14300.0,,,
485,Large,3270.0,22.0,2012.0,"Jan,Apr,Jul,Oct"
486,Small,2320.0,31.0,2013.0,"Jan,Apr,Jul,Oct"
487,Large,2180.0,40.0,2012.0,"Jan,Apr,Jul,Oct"
488,Large,2890.0,,,
489,Small,14960.0,37.0,2009.0,"Jan,Apr,Jul,Oct"
490,Small,660.0,40.0,2014.0,"Jan,Apr,Jul,Oct"
491,Large,4680.0,22.0,2012.0,"Mar,Jun,Sept,Dec"
492,Small,1740.0,40.0,2012.0,"Jan,Apr,Jul,Oct"
493,Large,1150.0,14.0,2011.0,"Jan,Apr,Jul,Oct"
494,Small,1260.0,,,
495,Small,5470.0,37.0,2009.0,"Jan,Apr,Jul,Oct"
496,Large,2780.0,,,
497,Large,1610.0,,,
498,Small,990.0,40.0,2014.0,"Jan,Apr,Jul,Oct"
499,Large,450.0,5.0,2013.0,"Feb,May,Aug,Nov"
500,Large,10690.0,5.0,2013.0,"Jan,Apr,Jul,Oct"
501,Large,1620.0,,,
502,Small,220.0,37.0,2009.0,"Jan,Apr,Jul,Oct"
503,Large,13080.0,14.0,2011.0,"Jan,Apr,Jul,Oct"
504,Large,820.0,,,
505,Small,350.0,5.0,2013.0,"Feb,May,Aug,Nov"
506,Small,1850.0,18.0,2011.0,"Feb,May,Aug,Nov"
507,Large,9070.0,37.0,2009.0,"Jan,Apr,Jul,Oct"
508,Large,1280.0,40.0,2011.0,"Jan,Apr,Jul,Oct"
509,Small,4740.0,37.0,2009.0,"Jan,Apr,Jul,Oct"
510,Large,8260.0,,,
511,Small,2060.0,,,
512,Medium,590.0,5.0,2013.0,"Mar,Jun,Sept,Dec"
513,Small,400.0,,,
514,Large,1200.0,27.0,2012.0,"Jan,Apr,Jul,Oct"
515,Large,11260.0,9.0,2011.0,"Feb,May,Aug,Nov"
516,Large,20.0,35.0,2010.0,"Mar,Jun,Sept,Dec"
517,Large,22490.0,,,
518,Large,3330.0,13.0,2010.0,"Jan,Apr,Jul,Oct"
519,Large,2510.0,1.0,2012.0,"Jan,Apr,Jul,Oct"
520,Large,6900.0,40.0,2012.0,"Mar,Jun,Sept,Dec"
521,Small,18610.0,48.0,2011.0,"Mar,Jun,Sept,Dec"
522,Large,7160.0,9.0,2011.0,"Jan,Apr,Jul,Oct"
523,Large,50.0,,,
524,Large,40860.0,,,
525,Large,1870.0,,,
526,Small,120.0,48.0,2011.0,"Mar,Jun,Sept,Dec"
527,Large,5830.0,,,
528,Large,20620.0,37.0,2009.0,"Jan,Apr,Jul,Oct"
529,Large,12920.0,,,
530,Large,18160.0,,,
531,Large,4030.0,,,
532,Large,1070.0,,,
533,Large,5950.0,,,
534,Small,1200.0,45.0,2009.0,"Jan,Apr,Jul,Oct"
535,Small,3570.0,,,
536,Large,4700.0,31.0,2013.0,"Feb,May,Aug,Nov"
537,Small,600.0,1.0,2012.0,"Jan,Apr,Jul,Oct"
538,Small,990.0,,,
539,Small,770.0,40.0,2014.0,"Jan,Apr,Jul,Oct"
540,Large,810.0,48.0,2012.0,"Jan,Apr,Jul,Oct"
541,Large,650.0,,,
542,Small,7280.0,1.0,2013.0,"Jan,Apr,Jul,Oct"
543,Small,1080.0,,,
544,Small,250.0,13.0,2010.0,"Jan,Apr,Jul,Oct"
545,Large,5020.0,18.0,2014.0,"Feb,May,Aug,Nov"
546,Small,580.0,,,
547,Large,8990.0,35.0,2010.0,"Mar,Jun,Sept,Dec"
548,Large,3760.0,,,
549,Large,2330.0,,,
550,Large,50.0,,,
551,Large,2190.0,,,
552,Small,4260.0,37.0,2009.0,"Jan,Apr,Jul,Oct"
553,Small,3040.0,13.0,2010.0,"Jan,Apr,Jul,Oct"
554,Large,1200.0,,,
555,Small,1560.0,10.0,2013.0,"Mar,Jun,Sept,Dec"
556,Large,1140.0,,,
557,Small,250.0,,,
558,Small,3000.0,,,
559,Small,3910.0,5.0,2013.0,"Feb,May,Aug,Nov"
560,Large,1910.0,,,
561,Small,14300.0,,,
562,Large,1210.0,,,
563,Small,700.0,10.0,2014.0,"Jan,Apr,Jul,Oct"
564,Large,6540.0,14.0,2013.0,"Jan,Apr,Jul,Oct"
565,Large,160.0,,,
566,Small,3620.0,40.0,2013.0,"Jan,Apr,Jul,Oct"
567,Small,1010.0,18.0,2011.0,"Feb,May,Aug,Nov"
568,Large,4270.0,1.0,2013.0,"Jan,Apr,Jul,Oct"
569,Small,1340.0,,,
570,Small,180.0,,,
571,Small,2110.0,40.0,2014.0,"Jan,Apr,Jul,Oct"
572,Large,9230.0,37.0,2009.0,"Jan,Apr,Jul,Oct"
573,Small,1190.0,36.0,2013.0,"Jan,Apr,Jul,Oct"
574,Small,4400.0,,,
575,Small,960.0,13.0,2010.0,"Jan,Apr,Jul,Oct"
576,Small,50.0,,,
577,Large,2270.0,35.0,2012.0,"Mar,Jun,Sept,Dec"
578,Small,12700.0,,,
579,Small,20970.0,,,
580,Large,170.0,,,
581,Small,7250.0,,,
582,Small,120.0,,,
583,Small,2640.0,,,
584,Small,1360.0,35.0,2010.0,"Mar,Jun,Sept,Dec"
585,Large,440.0,,,
586,Large,250.0,,,
587,Large,330.0,14.0,2011.0,"Jan,Apr,Jul,Oct"
588,Large,15720.0,,,
589,Large,360.0,18.0,2013.0,"Feb,May,Aug,Nov"
590,Large,4520.0,31.0,2013.0,"Jan,Apr,Jul,Oct"
591,Large,3340.0,22.0,2012.0,"Mar,Jun,Sept,Dec"
592,Small,2540.0,,,
593,Large,33060.0,,,
594,Small,1790.0,,,
595,Large,1130.0,,,
596,Small,290.0,,,
597,Small,150.0,1.0,2012.0,"Mar,Jun,Sept,Dec"
598,Small,550.0,40.0,2014.0,"Jan,Apr,Jul,Oct"
599,Large,580.0,,,
600,Large,17340.0,9.0,2011.0,"Feb,May,Aug,Nov"
601,Small,8220.0,14.0,2011.0,"Jan,Apr,Jul,Oct"
602,Small,2710.0,22.0,2012.0,"Mar,Jun,Sept,Dec"
603,Small,340.0,13.0,2010.0,"Jan,Apr,Jul,Oct"
604,Small,10950.0,,,
605,Small,10310.0,37.0,2009.0,"Jan,Apr,Jul,Oct"
606,Small,2260.0,,,
607,Small,350.0,14.0,2011.0,"Jan,Apr,Jul,Oct"
608,Large,18370.0,14.0,2011.0,"Jan,Apr,Jul,Oct"
609,Small,2070.0,,,
610,Small,660.0,,,
611,Small,8080.0,40.0,2014.0,"Jan,Apr,Jul,Oct"
612,Large,2490.0,31.0,2009.0,"Jan,Apr,Jul,Oct"
613,Small,250.0,14.0,2011.0,"Jan,Apr,Jul,Oct"
614,Small,1160.0,,,
615,Small,730.0,,,
616,Large,3040.0,35.0,2010.0,"Mar,Jun,Sept,Dec"
617,Large,8940.0,9.0,2011.0,"Jan,Apr,Jul,Oct"
618,Large,9910.0,,,
619,Small,1600.0,45.0,2009.0,"Feb,May,Aug,Nov"
620,Large,5440.0,40.0,2014.0,"Jan,Apr,Jul,Oct"
621,Small,30.0,,,
622,Large,,,,
623,Small,4080.0,13.0,2010.0,"Jan,Apr,Jul,Oct"
624,Large,6920.0,,,
625,Small,1170.0,22.0,2012.0,"Feb,May,Aug,Nov"
626,Large,10740.0,,,
627,Large,3970.0,,,
628,Large,2180.0,,,
629,Small,510.0,23.0,2015.0,"Mar,Jun,Sept,Dec"
630,Small,1690.0,,,
631,Large,2870.0,35.0,2012.0,"Mar,Jun,Sept,Dec"
632,Small,3350.0,,,
633,Small,11640.0,22.0,2011.0,"Jan,Apr,Jul,Oct"
634,Small,18610.0,,,
635,Small,27530.0,,,
636,Small,720.0,13.0,2010.0,"Jan,Apr,Jul,Oct"
637,Large,9790.0,31.0,2009.0,"Feb,May,Aug,Nov"
638,Small,10170.0,,,
639,Small,7780.0,,,
640,Large,8040.0,,,
641,Large,610.0,36.0,2013.0,"Mar,Jun,Sept,Dec"
642,Large,530.0,35.0,2010.0,"Mar,Jun,Sept,Dec"
643,Small,230.0,18.0,2010.0,"Feb,May,Aug,Nov"
644,Small,4030.0,14.0,2011.0,"Jan,Apr,Jul,Oct"
645,Small,90.0,45.0,2009.0,"Feb,May,Aug,Nov"
646,Small,620.0,,,
647,Large,7420.0,,,
648,Small,2130.0,,,
649,Small,14570.0,,,
650,Small,1420.0,40.0,2014.0,"Jan,Apr,Jul,Oct"
651,Small,200.0,,,
652,Small,20390.0,,,
653,Large,7520.0,45.0,2009.0,"Feb,May,Aug,Nov"
654,Small,6930.0,,,
655,Large,960.0,5.0,2013.0,"Feb,May,Aug,Nov"
656,Small,410.0,13.0,2010.0,"Jan,Apr,Jul,Oct"
657,Large,80.0,10.0,2014.0,"Jan,Apr,Jul,Oct"
658,Large,520.0,37.0,2009.0,"Jan,Apr,Jul,Oct"
659,Small,1590.0,,,
660,Small,1200.0,40.0,2014.0,"Jan,Apr,Jul,Oct"
661,Large,2140.0,,,
662,Small,1070.0,,,
663,Large,7860.0,,,
664,Large,1680.0,,,
665,Small,90.0,14.0,2011.0,"Jan,Apr,Jul,Oct"
666,Large,2700.0,9.0,2011.0,"Mar,Jun,Sept,Dec"
667,Large,2870.0,,,
668,Small,1270.0,,,
669,Small,17080.0,31.0,2013.0,"Jan,Apr,Jul,Oct"
670,Small,2060.0,45.0,2009.0,"Feb,May,Aug,Nov"
671,Large,2070.0,39.0,2010.0,"Jan,Apr,Jul,Oct"
672,Small,240.0,,,
673,Large,15170.0,5.0,2013.0,"Feb,May,Aug,Nov"
674,Small,2640.0,31.0,2013.0,"Feb,May,Aug,Nov"
675,Small,2100.0,14.0,2011.0,"Jan,Apr,Jul,Oct"
676,Medium,1410.0,,,
677,Small,1740.0,45.0,2009.0,"Feb,May,Aug,Nov"
678,Small,3250.0,40.0,2011.0,"Jan,Apr,Jul,Oct"
679,Small,4140.0,,,
680,Small,170.0,35.0,2012.0,"Mar,Jun,Sept,Dec"
681,Large,620.0,1.0,2014.0,"Mar,Jun,Sept,Dec"
682,Small,150.0,,,
683,Small,2850.0,,,
684,Large,680.0,22.0,2012.0,"Jan,Apr,Jul,Oct"
685,Small,650.0,37.0,2009.0,"Jan,Apr,Jul,Oct"
686,Small,20050.0,,,
687,Large,2770.0,,,
688,Small,18760.0,14.0,2011.0,"Jan,Apr,Jul,Oct"
689,Small,15040.0,,,
690,Small,100.0,,,
691,Large,3030.0,37.0,2009.0,"Jan,Apr,Jul,Oct"
692,Small,40.0,,,
693,Small,450.0,40.0,2011.0,"Jan,Apr,Jul,Oct"
694,Large,460.0,40.0,2014.0,"Jan,Apr,Jul,Oct"
695,Small,550.0,1.0,2012.0,"Jan,Apr,Jul,Oct"
696,Large,430.0,,,
697,Small,3780.0,40.0,2011.0,"Jan,Apr,Jul,Oct"
698,Small,1790.0,,,
699,Small,180.0,5.0,2013.0,"Jan,Apr,Jul,Oct"
700,Large,830.0,27.0,2013.0,"Jan,Apr,Jul,Oct"
701,Small,1450.0,14.0,2011.0,"Jan,Apr,Jul,Oct"
702,Small,8550.0,45.0,2009.0,"Feb,May,Aug,Nov"
703,Small,80.0,,,
704,Large,1910.0,,,
705,Small,4140.0,18.0,2011.0,"Feb,May,Aug,Nov"
706,Small,7830.0,10.0,2014.0,"Mar,Jun,Sept,Dec"
707,Large,2900.0,,,
708,Large,11470.0,18.0,2014.0,"Jan,Apr,Jul,Oct"
709,Small,500.0,,,
710,Small,1500.0,14.0,2011.0,"Jan,Apr,Jul,Oct"
711,Small,17110.0,5.0,2010.0,"Jan,Apr,Jul,Oct"
712,Small,4870.0,45.0,2009.0,"Jan,Apr,Jul,Oct"
713,Large,220.0,10.0,2014.0,"Jan,Apr,Jul,Oct"
714,Large,12070.0,10.0,2013.0,"Jan,Apr,Jul,Oct"
715,Small,14810.0,,,
716,Small,3200.0,22.0,2011.0,"Jan,Apr,Jul,Oct"
717,Large,310.0,40.0,2011.0,"Jan,Apr,Jul,Oct"
718,Small,1100.0,,,
719,Large,8190.0,45.0,2009.0,"Feb,May,Aug,Nov"
720,Large,15320.0,14.0,2013.0,"Feb,May,Aug,Nov"
721,Large,3590.0,22.0,2012.0,"Mar,Jun,Sept,Dec"
722,Small,50.0,,,
723,Large,5650.0,5.0,2013.0,"Feb,May,Aug,Nov"
724,Large,5900.0,,,
725,Large,17540.0,,,
726,Large,40540.0,,,
727,Small,2050.0,,,
728,Small,13990.0,14.0,2011.0,"Jan,Apr,Jul,Oct"
729,Large,8980.0,,,
730,Small,1190.0,,,
731,Small,15270.0,10.0,2014.0,"Jan,Apr,Jul,Oct"
732,Large,35280.0,,,
733,Medium,860.0,,,
734,Small,220.0,36.0,2013.0,"Mar,Jun,Sept,Dec"
735,Large,1920.0,,,
736,Large,1650.0,14.0,2011.0,"Jan,Apr,Jul,Oct"
737,Small,100.0,31.0,2013.0,"Jan,Apr,Jul,Oct"
738,Large,5980.0,,,
739,Large,2770.0,22.0,2011.0,"Jan,Apr,Jul,Oct"
740,Small,6400.0,,,
741,Large,11900.0,,,
742,Large,4380.0,,,
743,Small,6710.0,14.0,2012.0,"Jan,Apr,Jul,Oct"
744,Small,1370.0,40.0,2014.0,"Jan,Apr,Jul,Oct"
745,Small,17650.0,37.0,2009.0,"Jan,Apr,Jul,Oct"
746,Large,4330.0,35.0,2011.0,"Mar,Jun,Sept,Dec"
747,Large,45740.0,,,
748,Small,2380.0,14.0,2011.0,"Jan,Apr,Jul,Oct"
749,Small,3410.0,14.0,2015.0,"Jan,Apr,Jul,Oct"
750,Small,8670.0,14.0,2011.0,"Jan,Apr,Jul,Oct"
751,Small,650.0,,,
752,Small,970.0,31.0,2013.0,"Feb,May,Aug,Nov"
753,Large,540.0,35.0,2010.0,"Mar,Jun,Sept,Dec"
754,Large,380.0,10.0,2014.0,"Mar,Jun,Sept,Dec"
755,Large,13130.0,,,
756,Large,50.0,40.0,2011.0,"Jan,Apr,Jul,Oct"
757,Large,3450.0,,,
758,Large,19780.0,,,
759,Small,110.0,31.0,2013.0,"Feb,May,Aug,Nov"
760,Small,560.0,,,
761,Small,2390.0,,,
762,Large,1280.0,10.0,2013.0,"Mar,Jun,Sept,Dec"
763,Large,32240.0,,,
764,Large,26490.0,10.0,2014.0,"Mar,Jun,Sept,Dec"
765,Large,25430.0,37.0,2009.0,"Jan,Apr,Jul,Oct"
766,Large,9820.0,,,
767,Large,13080.0,,,
768,Large,2630.0,,,
769,Medium,840.0,48.0,2012.0,"Jan,Apr,Jul,Oct"
770,Large,100.0,,,
771,Small,20640.0,,,
772,Large,1850.0,,,
773,Small,200.0,,,
774,Large,640.0,,,
775,Large,6970.0,22.0,2011.0,"Jan,Apr,Jul,Oct"
776,Small,700.0,14.0,2011.0,"Jan,Apr,Jul,Oct"
777,Large,8250.0,10.0,2013.0,"Mar,Jun,Sept,Dec"
778,Small,340.0,40.0,2014.0,"Jan,Apr,Jul,Oct"
779,Small,16990.0,,,
780,Small,18160.0,,,
781,Small,630.0,,,
782,Large,5390.0,1.0,2012.0,"Jan,Apr,Jul,Oct"
783,Large,15490.0,,,
784,Small,560.0,10.0,2014.0,"Jan,Apr,Jul,Oct"
785,Large,970.0,31.0,2013.0,"Feb,May,Aug,Nov"
786,Small,290.0,5.0,2013.0,"Feb,May,Aug,Nov"
787,Large,3210.0,,,
788,Large,1530.0,,,
789,Large,9770.0,,,
790,Large,9070.0,,,
791,Small,5950.0,,,
792,Small,17280.0,18.0,2011.0,"Feb,May,Aug,Nov"
793,Small,2710.0,,,
794,Large,5090.0,,,
795,Small,510.0,35.0,2010.0,"Mar,Jun,Sept,Dec"
796,Large,7180.0,,,
797,Small,2090.0,40.0,2014.0,"Jan,Apr,Jul,Oct"
798,Small,9560.0,,,
799,Large,2700.0,,,
800,Small,2020.0,,,
801,Small,48330.0,,,
802,Large,910.0,22.0,2011.0,"Feb,May,Aug,Nov"
803,Small,1760.0,10.0,2014.0,"Mar,Jun,Sept,Dec"
804,Large,2100.0,1.0,2013.0,"Jan,Apr,Jul,Oct"
805,Small,24770.0,10.0,2014.0,"Mar,Jun,Sept,Dec"
806,Small,260.0,44.0,2010.0,"Feb,May,Aug,Nov"
807,Small,3870.0,,,
808,Small,18620.0,31.0,2009.0,"Feb,May,Aug,Nov"
809,Small,12770.0,,,
810,Large,9640.0,,,
811,Small,410.0,,,
812,Small,2590.0,,,
813,Small,1560.0,,,
814,Large,24530.0,,,
815,Small,590.0,40.0,2014.0,"Jan,Apr,Jul,Oct"
816,Large,460.0,,,
817,Small,140.0,,,
818,Small,490.0,35.0,2010.0,"Mar,Jun,Sept,Dec"
819,Large,720.0,,,
820,Large,1650.0,40.0,2014.0,"Jan,Apr,Jul,Oct"
821,Small,1700.0,,,
822,Large,410.0,48.0,2010.0,"Mar,Jun,Sept,Dec"
823,Large,16210.0,,,
824,Small,17570.0,,,
825,Small,380.0,40.0,2014.0,"Jan,Apr,Jul,Oct"
826,Large,7980.0,,,
827,Large,250.0,,,
828,Large,3290.0,,,
829,Small,110.0,,,
830,Large,6320.0,5.0,2011.0,"Jan,Apr,Jul,Oct"
831,Small,800.0,,,
832,Small,5070.0,45.0,2009.0,"Feb,May,Aug,Nov"
833,Large,3290.0,35.0,2010.0,"Mar,Jun,Sept,Dec"
834,Small,3470.0,,,
835,Small,2890.0,10.0,2014.0,"Mar,Jun,Sept,Dec"
836,Small,2720.0,,,
837,Large,14600.0,,,
838,Large,6890.0,48.0,2011.0,"Mar,Jun,Sept,Dec"
839,Small,240.0,,,
840,Small,1070.0,,,
841,Small,27650.0,,,
842,Large,1200.0,,,
843,Small,60.0,,,
844,Small,2030.0,18.0,2011.0,"Feb,May,Aug,Nov"
845,Small,7860.0,14.0,2011.0,"Jan,Apr,Jul,Oct"
846,Large,8860.0,37.0,2009.0,"Jan,Apr,Jul,Oct"
847,Large,190.0,31.0,2013.0,"Feb,May,Aug,Nov"
848,Large,370.0,14.0,2011.0,"Jan,Apr,Jul,Oct"
849,Large,5000.0,,,
850,Small,1120.0,31.0,2013.0,"Jan,Apr,Jul,Oct"
851,Large,2330.0,49.0,2014.0,"Mar,Jun,Sept,Dec"
852,Small,940.0,14.0,2011.0,"Jan,Apr,Jul,Oct"
853,Small,14040.0,,,
854,Small,4770.0,13.0,2010.0,"Jan,Apr,Jul,Oct"
855,Small,3440.0,45.0,2009.0,"Feb,May,Aug,Nov"
856,Small,3020.0,,,
857,Small,6270.0,23.0,2014.0,"Mar,Jun,Sept,Dec"
858,Small,3370.0,40.0,2014.0,"Jan,Apr,Jul,Oct"
859,Small,21770.0,,,
860,Large,5980.0,,,
861,Large,740.0,14.0,2013.0,"Mar,Jun,Sept,Dec"
862,Large,2840.0,14.0,2011.0,"Jan,Apr,Jul,Oct"
863,Large,21370.0,,,
864,Small,1020.0,45.0,2009.0,"Feb,May,Aug,Nov"
865,Large,2640.0,,,
866,Small,9680.0,5.0,2013.0,"Feb,May,Aug,Nov"
867,Large,21810.0,,,
868,Large,1360.0,10.0,2014.0,"Jan,Apr,Jul,Oct"
869,Small,230.0,14.0,2011.0,"Jan,Apr,Jul,Oct"
870,Small,780.0,,,
871,Large,10620.0,,,
872,Large,3860.0,23.0,2015.0,"Mar,Jun,Sept,Dec"
873,Small,2040.0,,,
874,Small,3210.0,,,
875,Small,5070.0,18.0,2015.0,"Feb,May,Aug,Nov"
876,Small,21790.0,18.0,2015.0,"Feb,May,Aug,Nov"
877,Large,29190.0,,,
878,Large,1100.0,,,
879,Small,,5.0,2013.0,"Feb,May,Aug,Nov"
880,Large,4570.0,,,
881,Small,180.0,31.0,2013.0,"Feb,May,Aug,Nov"
882,Small,30.0,,,
883,Small,3200.0,,,
884,Large,7550.0,,,
885,Small,480.0,,,
886,Large,12430.0,,,
887,Small,19700.0,37.0,2009.0,"Jan,Apr,Jul,Oct"
888,Small,4450.0,35.0,2012.0,"Mar,Jun,Sept,Dec"
889,Small,18670.0,,,
890,Small,4450.0,14.0,2011.0,"Jan,Apr,Jul,Oct"
891,Large,350.0,31.0,2013.0,"Feb,May,Aug,Nov"
892,Small,19370.0,,,
893,Small,130.0,1.0,2013.0,"Jan,Apr,Jul,Oct"
894,Small,190.0,,,
895,Large,4150.0,,,
896,Large,170.0,,,
897,Large,3290.0,5.0,2013.0,"Feb,May,Aug,Nov"
898,Small,18540.0,,,
899,Small,2590.0,13.0,2010.0,"Jan,Apr,Jul,Oct"
900,Small,3920.0,40.0,2014.0,"Jan,Apr,Jul,Oct"
901,Large,3170.0,,,
902,Small,310.0,40.0,2014.0,"Jan,Apr,Jul,Oct"
903,Large,7290.0,,,
904,Large,570.0,14.0,2011.0,"Jan,Apr,Jul,Oct"
905,Small,90.0,,,
906,Small,90.0,,,
907,Large,250.0,,,
908,Small,1980.0,37.0,2009.0,"Jan,Apr,Jul,Oct"
909,Large,1680.0,45.0,2009.0,"Feb,May,Aug,Nov"
910,Large,12480.0,1.0,2013.0,"Jan,Apr,Jul,Oct"
911,Large,16490.0,,,
912,Large,3100.0,,,
913,Small,280.0,,,
914,Large,2640.0,22.0,2012.0,"Mar,Jun,Sept,Dec"
915,Large,650.0,40.0,2014.0,"Jan,Apr,Jul,Oct"
916,Small,90.0,,,
917,Small,7240.0,,,
918,Large,18710.0,,,
919,Small,2620.0,45.0,2009.0,"Feb,May,Aug,Nov"
920,Small,850.0,40.0,2014.0,"Jan,Apr,Jul,Oct"
921,Small,840.0,,,
922,Small,2110.0,,,
923,Small,280.0,,,
924,Small,6420.0,1.0,2012.0,"Jan,Apr,Jul,Oct"
925,Small,470.0,1.0,2012.0,"Jan,Apr,Jul,Oct"
926,Large,5150.0,13.0,2010.0,"Jan,Apr,Jul,Oct"
927,Small,480.0,,,
928,Large,1090.0,31.0,2013.0,"Feb,May,Aug,Nov"
929,Large,4820.0,,,
930,Small,70.0,,,
931,Large,1480.0,1.0,2012.0,"Jan,Apr,Jul,Oct"
932,Small,15700.0,13.0,2010.0,"Jan,Apr,Jul,Oct"
933,Large,6270.0,,,
934,Large,5460.0,14.0,2011.0,"Jan,Apr,Jul,Oct"
935,Large,22350.0,,,
936,Small,580.0,,,
937,Small,2810.0,10.0,2014.0,"Jan,Apr,Jul,Oct"
938,Small,2820.0,,,
939,Small,1340.0,,,
940,Large,6470.0,,,
941,Small,1200.0,31.0,2013.0,"Jan,Apr,Jul,Oct"
942,Large,6860.0,18.0,2011.0,"Jan,Apr,Jul,Oct"
943,Large,18020.0,,,
944,Small,1670.0,,,
945,Large,12480.0,,,
946,Small,2220.0,14.0,2015.0,"Jan,Apr,Jul,Oct"
947,Small,460.0,13.0,2010.0,"Jan,Apr,Jul,Oct"
948,Medium,1430.0,,,
949,Small,870.0,,,
950,Small,8460.0,,,
951,Large,710.0,40.0,2011.0,"Jan,Apr,Jul,Oct"
952,Large,6300.0,,,
953,Small,19830.0,22.0,2011.0,"Mar,Jun,Sept,Dec"
954,Small,390.0,10.0,2014.0,"Jan,Apr,Jul,Oct"
955,Large,1690.0,36.0,2013.0,"Mar,Jun,Sept,Dec"
956,Small,2330.0,18.0,2011.0,"Feb,May,Aug,Nov"
957,Large,1420.0,,,
958,Small,440.0,,,
959,Large,1060.0,,,
960,Small,8990.0,31.0,2009.0,"Feb,May,Aug,Nov"
961,Large,9430.0,,,
962,Small,260.0,,,
963,Large,23620.0,,,
964,Small,270.0,5.0,2013.0,"Feb,May,Aug,Nov"
965,Large,110.0,,,
966,Small,760.0,,,
967,Large,3560.0,36.0,2013.0,"Jan,Apr,Jul,Oct"
968,Small,1190.0,,,
969,Large,600.0,10.0,2013.0,"Jan,Apr,Jul,Oct"
970,Small,910.0,37.0,2009.0,"Jan,Apr,Jul,Oct"
971,Small,1140.0,14.0,2012.0,"Mar,Jun,Sept,Dec"
972,Small,14960.0,,,
973,Large,330.0,28.0,2012.0,"Jan,Apr,Jul,Oct"
974,Small,150.0,40.0,2014.0,"Jan,Apr,Jul,Oct"
975,Large,9630.0,14.0,2011.0,"Jan,Apr,Jul,Oct"
976,Small,4180.0,,,
977,Small,520.0,13.0,2010.0,"Jan,Apr,Jul,Oct"
978,Large,3890.0,,,
979,Large,2270.0,14.0,2011.0,"Jan,Apr,Jul,Oct"
980,Small,4420.0,,,
981,Large,2620.0,,,
982,Small,21930.0,,,
983,Small,40.0,1.0,2014.0,"Jan,Apr,Jul,Oct"
984,Small,440.0,1.0,2013.0,"Jan,Apr,Jul,Oct"
985,Large,490.0,13.0,2010.0,"Jan,Apr,Jul,Oct"
986,Small,620.0,18.0,2014.0,"Feb,May,Aug,Nov"
987,Small,1690.0,,,
988,Small,30.0,,,
989,Small,1640.0,40.0,2011.0,"Jan,Apr,Jul,Oct"
990,Small,20930.0,,,
991,Small,1010.0,,,
992,Small,2480.0,,,
993,Large,3460.0,10.0,2014.0,"Jan,Apr,Jul,Oct"
994,Small,2290.0,1.0,2012.0,"Jan,Apr,Jul,Oct"
995,Small,6560.0,,,
996,Small,2870.0,13.0,2010.0,"Jan,Apr,Jul,Oct"
997,Large,5840.0,37.0,2009.0,"Jan,Apr,Jul,Oct"
998,Small,780.0,5.0,2013.0,"Feb,May,Aug,Nov"
999,Large,15140.0,37.0,2009.0,"Jan,Apr,Jul,Oct"
1000,Large,2230.0,40.0,2014.0,"Jan,Apr,Jul,Oct"
1001,Small,19640.0,14.0,2011.0,"Jan,Apr,Jul,Oct"
1002,Large,1130.0,,,
1003,Small,170.0,27.0,2013.0,"Jan,Apr,Jul,Oct"
1004,Large,970.0,9.0,2011.0,"Mar,Jun,Sept,Dec"
1005,Small,6480.0,,,
1006,Large,3890.0,5.0,2013.0,"Feb,May,Aug,Nov"
1007,Large,4180.0,,,
1008,Large,30.0,,,
1009,Small,230.0,10.0,2014.0,"Jan,Apr,Jul,Oct"
1010,Large,4610.0,18.0,2010.0,"Feb,May,Aug,Nov"
1011,Large,490.0,18.0,2011.0,"Feb,May,Aug,Nov"
1012,Large,6330.0,39.0,2010.0,"Jan,Apr,Jul,Oct"
1013,Small,630.0,31.0,2013.0,"Feb,May,Aug,Nov"
1014,Large,210.0,31.0,2013.0,"Jan,Apr,Jul,Oct"
1015,Large,9910.0,9.0,2011.0,"Mar,Jun,Sept,Dec"
1016,Large,550.0,35.0,2010.0,"Mar,Jun,Sept,Dec"
1017,Small,110.0,,,
1018,Large,140.0,,,
1019,Large,2740.0,13.0,2010.0,"Jan,Apr,Jul,Oct"
1020,Small,40.0,,,
1021,Small,1080.0,,,
1022,Large,1520.0,,,
1023,Small,3740.0,14.0,2011.0,"Jan,Apr,Jul,Oct"
1024,Large,1990.0,,,
1025,Small,720.0,,,
1026,Small,450.0,48.0,2012.0,"Mar,Jun,Sept,Dec"
1027,Large,190.0,40.0,2011.0,"Jan,Apr,Jul,Oct"
1028,Small,150.0,31.0,2013.0,"Jan,Apr,Jul,Oct"
1029,Small,1590.0,,,
1030,Small,36410.0,,,
1031,Small,590.0,,,
1032,Large,270.0,40.0,2012.0,"Jan,Apr,Jul,Oct"
1033,Small,7680.0,,,
1034,Small,13750.0,,,
1035,Small,27150.0,,,
1036,Large,9560.0,36.0,2013.0,"Jan,Apr,Jul,Oct"
1037,Large,150.0,,,
1038,Small,17290.0,,,
1039,Large,70.0,22.0,2012.0,"Mar,Jun,Sept,Dec"
1040,Small,4030.0,10.0,2014.0,"Jan,Apr,Jul,Oct"
1041,Small,1600.0,40.0,2014.0,"Jan,Apr,Jul,Oct"
1042,Small,3440.0,31.0,2013.0,"Feb,May,Aug,Nov"
1043,Small,420.0,,,
1044,Small,240.0,13.0,2010.0,"Jan,Apr,Jul,Oct"
1045,Large,26990.0,,,
1046,Large,29070.0,,,
1047,Small,3750.0,45.0,2009.0,"Feb,May,Aug,Nov"
1048,Large,1860.0,40.0,2012.0,"Jan,Apr,Jul,Oct"
1049,Small,370.0,14.0,2011.0,"Jan,Apr,Jul,Oct"
1050,Large,13170.0,9.0,2011.0,"Mar,Jun,Sept,Dec"
1051,Small,200.0,1.0,2012.0,"Jan,Apr,Jul,Oct"
1052,Large,5080.0,31.0,2013.0,"Feb,May,Aug,Nov"
1053,Small,1710.0,,,
1054,Large,13190.0,45.0,2013.0,"Feb,May,Aug,Nov"
1055,Small,1980.0,,,
1056,Large,5350.0,40.0,2012.0,"Jan,Apr,Jul,Oct"
1057,Large,3230.0,,,
1058,Large,180.0,35.0,2010.0,"Mar,Jun,Sept,Dec"
1059,Small,3380.0,,,
1060,Large,3430.0,31.0,2013.0,"Feb,May,Aug,Nov"
1061,Large,8110.0,,,
1062,Small,190.0,40.0,2012.0,"Feb,May,Aug,Nov"
1063,Large,6250.0,,,
1064,Large,420.0,,,
1065,Small,1290.0,35.0,2011.0,"Mar,Jun,Sept,Dec"
1066,Small,3350.0,,,
1067,Large,12020.0,,,
1068,Large,5010.0,5.0,2013.0,"Jan,Apr,Jul,Oct"
1069,Large,18050.0,14.0,2011.0,"Jan,Apr,Jul,Oct"
1070,Large,400.0,,,
1071,Small,820.0,35.0,2012.0,"Mar,Jun,Sept,Dec"
1072,Large,5380.0,5.0,2010.0,"Feb,May,Aug,Nov"
1073,Large,1710.0,44.0,2012.0,"Jan,Apr,Jul,Oct"
1074,Large,3330.0,14.0,2011.0,"Jan,Apr,Jul,Oct"
1075,Large,1410.0,,,
1076,Large,90.0,1.0,2013.0,"Jan,Apr,Jul,Oct"
1077,Small,3750.0,35.0,2010.0,"Mar,Jun,Sept,Dec"
1078,Large,670.0,40.0,2011.0,"Jan,Apr,Jul,Oct"
1079,Small,16680.0,37.0,2009.0,"Jan,Apr,Jul,Oct"
1080,Small,2410.0,40.0,2014.0,"Jan,Apr,Jul,Oct"
1081,Small,400.0,,,
1082,Small,440.0,,,
1083,Large,11540.0,5.0,2013.0,"Feb,May,Aug,Nov"
1084,Small,190.0,13.0,2010.0,"Jan,Apr,Jul,Oct"
1085,Small,4030.0,,,
1086,Small,180.0,18.0,2011.0,"Feb,May,Aug,Nov"
1087,Large,2210.0,,,
1088,Small,4300.0,27.0,2013.0,"Jan,Apr,Jul,Oct"
1089,Small,5220.0,,,
1090,Small,330.0,14.0,2011.0,"Jan,Apr,Jul,Oct"
1091,Large,9990.0,,,
1092,Small,300.0,40.0,2014.0,"Jan,Apr,Jul,Oct"
1093,Large,10450.0,,,
1094,Small,2380.0,40.0,2014.0,"Jan,Apr,Jul,Oct"
1095,Small,690.0,14.0,2011.0,"Jan,Apr,Jul,Oct"
1096,Large,1130.0,10.0,2014.0,"Mar,Jun,Sept,Dec"
1097,Medium,720.0,,,
1098,Small,1830.0,,,
1099,Large,200.0,14.0,2013.0,"Jan,Apr,Jul,Oct"
1100,Small,540.0,14.0,2011.0,"Jan,Apr,Jul,Oct"
1101,Large,4060.0,,,
1102,Small,850.0,40.0,2014.0,"Jan,Apr,Jul,Oct"
1103,Large,1340.0,5.0,2013.0,"Feb,May,Aug,Nov"
1104,Small,260.0,14.0,2011.0,"Jan,Apr,Jul,Oct"
1105,Large,330.0,5.0,2013.0,"Feb,May,Aug,Nov"
1106,Large,5330.0,31.0,2013.0,"Jan,Apr,Jul,Oct"
1107,Small,1400.0,13.0,2010.0,"Jan,Apr,Jul,Oct"
1108,Small,540.0,,,
1109,Small,3490.0,22.0,2012.0,"Jan,Apr,Jul,Oct"
1110,Large,900.0,,,
1111,Small,1900.0,31.0,2013.0,"Jan,Apr,Jul,Oct"
1112,Large,1880.0,,,
1113,Large,9260.0,,,
1114,Large,870.0,,,
1115,Large,5350.0,22.0,2012.0,"Mar,Jun,Sept,Dec"
